{"cameraMode":{"drawMode":0,"name":"Shaded","section":"Shading Mode"},"sceneLighting":false,"audioPlay":false,"sceneViewState":{"showFog":true,"showMaterialUpdate":false,"showSkybox":true,"showFlares":true,"showImageEffects":true,"showParticleSystems":true},"in2DMode":false,"pivot":{"x":217.18289184570313,"y":-158.387939453125,"z":364.7807922363281},"rotation":{"x":-0.0612248033285141,"y":0.7525266408920288,"z":-0.07181493937969208,"w":-0.6517651677131653},"size":244.59844970703126,"orthographic":true}