{"cameraMode":{"drawMode":0,"name":"Shaded","section":"Shading Mode"},"sceneLighting":false,"audioPlay":false,"sceneViewState":{"showFog":true,"showMaterialUpdate":false,"showSkybox":true,"showFlares":true,"showImageEffects":true,"showParticleSystems":true},"in2DMode":false,"pivot":{"x":217.18289184570313,"y":-158.387939453125,"z":364.7807922363281},"rotation":{"x":0.16416341066360475,"y":-0.578528106212616,"z":-0.12118840217590332,"w":-0.7897270917892456},"size":535.0523681640625,"orthographic":true}