{"cameraMode":{"drawMode":0,"name":"Shaded","section":"Shading Mode"},"sceneLighting":true,"audioPlay":false,"sceneViewState":{"showFog":true,"showMaterialUpdate":false,"showSkybox":true,"showFlares":true,"showImageEffects":true,"showParticleSystems":true},"in2DMode":false,"pivot":{"x":-152.7254638671875,"y":70.09347534179688,"z":-221.29949951171876},"rotation":{"x":-0.031213846057653428,"y":0.9177538752555847,"z":-0.07563267648220062,"w":-0.3886299133300781},"size":3919.578857421875,"orthographic":true}